{
  "best_r2": 0.5414160618567074,
  "greedy_r2": 0.5413158652682519,
  "greedy_models": [
    "xgb_d3_log_wsqrt_v7",
    "enet_01_eng",
    "xgb_d3_log_wprop_v7"
  ],
  "all_scores": {
    "xgb_d3_log_wsqrt_v7": 0.5366717077220178,
    "xgb_d3_log_wprop_v7": 0.5323814950309586,
    "xgb_d3_qrt_v7": 0.530242685406245,
    "xgb_d3_log_s2024_v7": 0.5286941750545336,
    "xgb_d3_log_s42_eng": 0.5270982792970235,
    "xgb_d3_log_winsor99_v7": 0.5256052573222147,
    "xgb_d3_huber3.0_v7": 0.5221385135352933,
    "xgb_d3_dlog_v7": 0.5199424731288403,
    "lgb_d3_log_v7": 0.5191178422802016,
    "xgb_d3_huber2.0_v7": 0.5189929878608275,
    "xgb_d3_quantile_v7": 0.5158914781023878,
    "enet_01_eng": 0.5109722793479534,
    "hgbr_d4_log_v7": 0.5099300220087899,
    "xgb_d3_log_winsor97_v7": 0.5086302405501812,
    "ridge_500_v7": 0.5064477181108422,
    "xgb_d3_huber1.0_v7": 0.506347263627013,
    "xgb_d3_log_wsq_v7": 0.4934740171517604,
    "xgb_d3_log_winsor95_v7": 0.4706428735180357
  },
  "elapsed": 141.15249276161194
}