{
  "best_r2": 0.5414160618567074,
  "best_single": {
    "name": "xgb_d3_log_w0.5_v7",
    "r2": 0.5366717077220178
  },
  "greedy_r2": 0.5413158652682519,
  "greedy_models": [
    "xgb_d3_log_w0.5_v7",
    "enet_01_eng",
    "xgb_d3_log_w1.0_v7"
  ],
  "all_scores": {
    "xgb_d3_log_w0.5_v7": 0.5366717077220178,
    "xgb_d3_log_w0.6_v7": 0.536030608655705,
    "xgb_d3_log_w0.7_v7": 0.5358237079749459,
    "xgb_d3_log_w0.3_v7": 0.5356315513664823,
    "xgb_d3_log_wopt_s789_v7": 0.5354287154959807,
    "xgb_d3_log_wopt_s42_v7": 0.5352372685397049,
    "xgb_d3_log_w0.4_v7": 0.5347259303742004,
    "xgb_d3_log_w0.2_v7": 0.5345420537120154,
    "xgb_d3_log_w0.8_v7": 0.5326067485545167,
    "xgb_d3_log_w1.0_v7": 0.5323814950309586,
    "xgb_d3_log_wopt_s42_eng": 0.5294949191597027,
    "xgb_d6_log_wopt_v7": 0.5290919251362856,
    "xgb_d3_log_w0.0_v7": 0.5286941750545336,
    "xgb_d3_log_v7": 0.5286941750545336,
    "xgb_d3_log_wopt_s789_eng": 0.5270370694375102,
    "lgb_d3_log_wopt_v7": 0.5221299503048606,
    "lgb_d3_log_v7": 0.5191178422802016,
    "lgb_d4_log_wopt_v7": 0.5185066128003065,
    "hgbr_d4_log_wopt_v7": 0.5159026521741975,
    "enet_01_eng": 0.5109722793479534,
    "enet_01_v7": 0.5102266843788538,
    "ridge_500_v7": 0.5064477181108422,
    "et200_wopt_v7": 0.4975574068476094
  },
  "elapsed": 234.6275658607483
}