{
  "best_r2": 0.5451917348995887,
  "optuna_best": 0.5406421295205266,
  "optuna_params": {
    "n_estimators": 612,
    "max_depth": 4,
    "learning_rate": 0.017204722698634167,
    "subsample": 0.5207056512173402,
    "colsample_bytree": 0.7833968999528914,
    "min_child_weight": 29,
    "reg_alpha": 2.7996197504628086,
    "reg_lambda": 0.045056503645234613
  },
  "best_single": {
    "name": "xgb_optuna_wsqrt_v7",
    "r2": 0.5406421295205266
  },
  "all_scores": {
    "xgb_optuna_wsqrt_v7": 0.5406421295205266,
    "xgb_d3_log_wsqrt_v7": 0.5366717077220178,
    "xgb_d3_log_v7": 0.5286941750545336,
    "xgb_optuna_v7": 0.5231131113724807,
    "lgb_d3_log_v7": 0.5191178422802016,
    "enet_01_eng": 0.5109722793479534,
    "ridge_500_v7": 0.5064477181108422,
    "mlp_128_64_raw_v7": 0.36487928945634873,
    "mlp_64_32_raw_v7": 0.35781521266828675,
    "mlp_256_128_raw_v7": 0.3457998846729031,
    "mlp_128_64_32_raw_v7": 0.3030970496598513,
    "mlp_256_128_64_raw_v7": 0.28410667490248276,
    "mlp_128_64_a1.0_log_v7": -9350.696870083724,
    "mlp_256_128_log_v7": -559295.7982464397,
    "mlp_256_128_64_log_v7": -611860.6243286689,
    "mlp_128_64_a0.1_log_v7": -1182047.1340174596,
    "mlp_128_64_log_v7": -5385615.14258915,
    "mlp_128_64_a0.01_log_v7": -5385615.14258915,
    "mlp_128_64_a0.001_log_v7": -5959398.394405639,
    "mlp_128_64_32_log_v7": -946073887.7821085,
    "mlp_64_32_log_v7": -14760761349.390057
  },
  "elapsed": 417.1261410713196
}