{
  "model_a": {
    "best_r2": 0.5466314107596522,
    "best_single": {
      "name": "xgb_optuna_wsqrt_v7",
      "r2": 0.5398094949802106
    },
    "greedy_r2": 0.5454282456864645,
    "dirichlet_r2": 0.5466314107596522,
    "all_scores": {
      "xgb_optuna_wsqrt_v7": 0.5398094949802106,
      "lgb_optuna_wsqrt_v7": 0.539427655452673,
      "xgb_power0.3_wsqrt": 0.5387527514744087,
      "xgb_power0.2_wsqrt": 0.537139566300128,
      "xgb_power0.4_wsqrt": 0.536216417887534,
      "xgb_power0.5_wsqrt": 0.5325868554711233,
      "xgb_sqrt_target_wsqrt": 0.5325868554711233,
      "gbr_optuna_wsqrt_v7": 0.5322742582365839,
      "xgb_power0.6_wsqrt": 0.5282238943186361,
      "xgb_raw_log_wsqrt": 0.5208877491408895,
      "enet_01_eng": 0.5109722793479534
    }
  },
  "model_b": {
    "best_r2": 0.24485753013804534,
    "best_single": {
      "name": "enet_a0.1_l0.9_dw",
      "r2": 0.2380076961750861
    },
    "greedy_r2": 0.24473381010980177,
    "dirichlet_r2": 0.24485753013804534,
    "all_scores": {
      "enet_a0.1_l0.9_dw": 0.2380076961750861,
      "enet_a0.1_l0.5_dw": 0.2275354178289698,
      "xgb_d3_log_wsqrt_dw": 0.2231831110703295,
      "lgb_d3_log_dw": 0.21752723854736378,
      "lgb_d3_log_wsqrt_dw": 0.21711219710960616,
      "xgb_d3_log_dw": 0.2134396466949826,
      "xgb_d5_log_dw": 0.21060903157654765,
      "gbr_d3_log_dw": 0.2099819651167817,
      "xgb_d4_log_dw": 0.2094822257177471,
      "hgbr_log_dw": 0.20430167347298556,
      "enet_a0.01_l0.5_dw": -46.50916249026667,
      "ridge_a0.01_dw": -48.03732676967284,
      "enet_a0.01_l0.1_dw": -48.565939462142005,
      "huber_dw": -54.23434455925629,
      "ridge_a1.0_dw": -425.13907275614133,
      "ridge_a0.1_dw": -617.0910923391829
    }
  },
  "elapsed": 418.1082739830017
}