{
  "best_r2": 0.5465250049548365,
  "knn_best": 0.45470631213531887,
  "kernel_ridge_best": 0.5239980446378669,
  "residual_correction_best": 0.511673290291393,
  "all_scores": {
    "xgb_optuna_wsqrt": 0.5398094949802106,
    "lgb_optuna_wsqrt": 0.539427655452673,
    "kr_rbf_a1.0_g0.001": 0.5239980446378669,
    "kr_rbf_a0.1_g0.001": 0.5176231821847043,
    "xgb+lgb_resid": 0.511673290291393,
    "enet_01": 0.5109722793479534,
    "xgb+knn_resid_k30": 0.5048764211438379,
    "xgb+knn_resid_k20": 0.49487300702032877,
    "xgb+knn_resid_k10": 0.47086824332866717,
    "knn_k20_distance": 0.45470631213531887,
    "knn_k15_distance": 0.45349002797572746,
    "knn_k20_uniform": 0.4534222419551879,
    "knn_k30_distance": 0.4531907262099485,
    "knn_k15_uniform": 0.45248857768883377,
    "knn_k30_uniform": 0.4511005700081431,
    "knn_k10_distance": 0.44481383149602105,
    "knn_k10_uniform": 0.44414772377153044,
    "kr_rbf_a1.0_g0.01": 0.44190390640622557,
    "knn_k50_uniform": 0.4405527735873074,
    "kr_rbf_a10.0_g0.001": 0.4348439595848539,
    "kr_rbf_a0.1_g0.01": 0.4115588587114275,
    "knn_k5_distance": 0.4061519844394115,
    "knn_k5_uniform": 0.40364062926077615,
    "knn_k15_raw": 0.37805707446947545,
    "kr_rbf_a10.0_g0.01": 0.3155445732346671,
    "kr_rbf_a0.1_g0.1": -0.5331330498163946,
    "kr_rbf_a1.0_g0.1": -0.6531882186124573,
    "kr_rbf_a10.0_g0.1": -0.9841257047802043
  },
  "elapsed": 74.38963103294373
}