{
  "overall_r2": 0.5364842379609197,
  "mae": 0.8781851489419323,
  "rmse": 1.4474656030583508,
  "residual_corr_y": 0.7053815838314468,
  "residual_corr_pred": 0.034731526264741956,
  "noise_ratio": 0.3863797836122673,
  "theoretical_max_r2": 0.6136202163877327,
  "top_residual_correlations": {
    "glucose_sq": 0.11015549727928642,
    "glucose": 0.0985514014737042,
    "glucose_log": 0.08712070542190047,
    "glucose_rhr": 0.08513279779634741,
    "glucose_bmi": 0.07802460898248079,
    "glucose_trig": 0.07145944385350475,
    "ir_proxy": 0.06812236585375629,
    "ir_proxy_rhr": 0.06493318722543842,
    "tyg": 0.06286829994020268,
    "bmi_trig": 0.0556786945528289
  },
  "elapsed": 60.30857491493225
}