{
  "best_single": {
    "name": "xgb_d3_log_eng",
    "r2": 0.5270982792970235
  },
  "top_10": {
    "xgb_d3_log_eng": 0.5270982792970235,
    "xgb_d6_log_v7_all": 0.5252741536432077,
    "xgb_d3_log_v7_all": 0.5247872983289329,
    "xgb_d6_log_eng": 0.522707579225508,
    "xgb_d4_log_v7_all": 0.5204129416179251,
    "xgb_d4_log_eng": 0.5197744698231505,
    "lgb_d4_log_v7_all": 0.518390164283516,
    "xgb_d3_log_raw": 0.5116468843463862,
    "xgb_d4_v7_all": 0.511305866225953,
    "enet_01_eng": 0.5109722793479534
  },
  "elapsed_seconds": 434.2982409000397
}