{
  "best_r2": 0.5361006728857667,
  "best_single": {
    "name": "xgb_d3_log_s2024_v7",
    "r2": 0.5286941750545336
  },
  "all_scores": {
    "xgb_d3_log_s2024_v7": 0.5286941750545336,
    "xgb_d3_log_s789_v7": 0.5277933553525085,
    "xgb_d3_log_s42_eng": 0.5270982792970235,
    "xgb_d3_sqrt_v7": 0.5268900167612797,
    "xgb_d3_log_s789_eng": 0.5257062833002544,
    "xgb_d6_log_v7": 0.5252741536432077,
    "xgb_d3_log_s42_v7": 0.5247872983289329,
    "xgb_d3_log_s2024_eng": 0.5237319125839833,
    "lgb_d3_log_v7": 0.5191178422802016,
    "lgb_d4_log_v7": 0.518390164283516,
    "xgb_d3_raw_v7": 0.5161778667666577,
    "enet_01_eng": 0.5109722793479534,
    "enet_01_v7": 0.5102266843788538,
    "hgbr_d4_log_v7": 0.5099300220087899,
    "lgb_d4_log_eng": 0.5073388729244066,
    "ridge_500_v7": 0.5064477181108422,
    "hgbr_d4_log_eng": 0.5062417996924249,
    "et200_eng": 0.49922557001957546,
    "hgbr_d4_log_raw": 0.4971998639183126,
    "et200_v7": 0.4967148241874617,
    "lgb_d4_log_raw": 0.4949644766290938,
    "bayesian_v7": 0.493255254481742,
    "ridge_100_eng": 0.48876845969700555
  },
  "elapsed": 280.2550539970398
}